{"schematics":[{"docType":1,"title":"PBM_UC","dataStr":{"head":{"docType":"1","editorVersion":"6.3.22","c_para":{"Prefix Start":"1"},"c_spiceCmd":"null","hasIdFlag":true,"x":"0","y":"0","portOfADImportHack":"","importFlag":0,"transformList":"","uuid":"b991fd4ad4ab4d478abb68e9416542e0"},"canvas":"CA~1000~1000~#FFFFFF~yes~#CCCCCC~5~1000~1000~line~5~pixel~5~0~0","shape":["LIB~550~401~package`NONE`BOM_Manufacturer Part`?`spicePre`.`~~0~frame_lib_1~~~0~a0a9faf7df026cac~yes~yes#@$T~N~572.640625~-3~0~#000080~Arial~~~~~comment~NO~0~start~gge92~0~pinpart#@$T~P~572.6484375~-13.703125~0~#000080~Arial~~~~~comment~.~0~start~gge94~0~pinpart#@$PT~M 206 10 L 206 0 M 206 796 L 206 806 M 402 10 L 402 0 M 402 796 L 402 806 M 598 10 L 598 0 M 598 796 L 598 806 M 794 10 L 794 0 M 794 796 L 794 806 M 990 10 L 990 0 M 990 796 L 990 806 M 10 206 L 0 206 M 1139 206 L 1149 206 M 10 402 L 0 402 M 1139 402 L 1149 402 M 10 598 L 0 598 M 1139 598 L 1149 598 M 10 794 L 0 794 M 1139 794 L 1149 794~#880000~1~0~none~frame_tick_1~0~frame_tick#@$T~L~1.5~108~0~#880000~~~~~~comment~A~1~start~frame_tick_2~0~frame_tick#@$T~L~1140.5~108~0~#880000~~~~~~comment~A~1~start~frame_tick_3~0~frame_tick#@$T~L~1.5~304~0~#880000~~~~~~comment~B~1~start~frame_tick_4~0~frame_tick#@$T~L~1140.5~304~0~#880000~~~~~~comment~B~1~start~frame_tick_5~0~frame_tick#@$T~L~1.5~500~0~#880000~~~~~~comment~C~1~start~frame_tick_6~0~frame_tick#@$T~L~1140.5~500~0~#880000~~~~~~comment~C~1~start~frame_tick_7~0~frame_tick#@$T~L~1.5~696~0~#880000~~~~~~comment~D~1~start~frame_tick_8~0~frame_tick#@$T~L~1140.5~696~0~#880000~~~~~~comment~D~1~start~frame_tick_9~0~frame_tick#@$T~L~108~8.5~0~#880000~~~~~~comment~1~1~start~frame_tick_10~0~frame_tick#@$T~L~108~804.5~0~#880000~~~~~~comment~1~1~start~frame_tick_11~0~frame_tick#@$T~L~304~8.5~0~#880000~~~~~~comment~2~1~start~frame_tick_12~0~frame_tick#@$T~L~304~804.5~0~#880000~~~~~~comment~2~1~start~frame_tick_13~0~frame_tick#@$T~L~500~8.5~0~#880000~~~~~~comment~3~1~start~frame_tick_14~0~frame_tick#@$T~L~500~804.5~0~#880000~~~~~~comment~3~1~start~frame_tick_15~0~frame_tick#@$T~L~696~8.5~0~#880000~~~~~~comment~4~1~start~frame_tick_16~0~frame_tick#@$T~L~696~804.5~0~#880000~~~~~~comment~4~1~start~frame_tick_17~0~frame_tick#@$T~L~892~8.5~0~#880000~~~~~~comment~5~1~start~frame_tick_18~0~frame_tick#@$T~L~892~804.5~0~#880000~~~~~~comment~5~1~start~frame_tick_19~0~frame_tick#@$R~10~10~~~1129~786~#880000~1~0~none~frame_innerbox_1~0~frame_innerbox#@$R~0~0~~~1149~806~#880000~1~0~none~frame_outbox_1~0~frame_outbox#@$R~739~716~~~400~80~#880000~1~0~none~frame_hitarea_1~0~frame_hitarea#@$PL~739 756 1139 756~#880000~1~0~none~gge150~0#@$PL~739 776 1139 776~#880000~1~0~none~gge151~0#@$PL~1059 716 1059 756~#880000~1~0~none~gge152~0#@$PL~1019 756 1019 776~#880000~1~0~none~gge153~0#@$PL~934 776 934 796~#880000~1~0~none~gge154~0#@$T~L~744~728~0~#880000~~8pt~~~~comment~TITLE:~1~start~gge155~0~pinpart#@$T~L~749~746~0~#0000FF~~10pt~~~~comment~PBM_SALA~1~start~frame_title_1~0~frame_title#@$T~L~1065~742~0~#880000~~8pt~~~~comment~REV:~1~start~gge158~0~pinpart#@$T~L~1096~743~0~#0000FF~~9pt~~~~comment~1.0~1~start~frame_version_1~0~frame_version#@$T~L~744~771~0~#880000~~8pt~~~~comment~Date:~1~start~gge161~0~pinpart#@$T~L~794~771~0~#0000FF~~9pt~~~~comment~2018-03-12~1~start~frame_date_1~0~frame_date#@$T~L~1024~771~0~#880000~~8pt~~~~comment~Sheet:~1~start~gge164~0~pinpart#@$T~L~1069~771~0~#0000FF~~9pt~~~~comment~1\/1~1~start~frame_sheet_1~0~frame_sheet#@$T~L~744~791~0~#880000~~8pt~~~~comment~EasyEDA V5.3.2~1~start~frame_product_1~0~frame_product#@$T~L~944~791~0~#880000~~8pt~~~~comment~Drawn By:~1~start~gge168~0~pinpart#@$T~L~1009~791~0~#0000FF~~9pt~~~~comment~Joakim Innv\u00e6r~1~start~frame_drawn_1~0~frame_drawn","LIB~70~80~package`SMA(DO-214AC)`BOM_Supplier`LCSC`BOM_Manufacturer`DIODES`BOM_Manufacturer Part`B220A-13-F`spicePre`D`BOM_Supplier Part`C110481`~180~0~gge1019~ed2608fb878c01f3500a9ec0a517fd5d~~0~f4f2b799f2305874~yes~yes#@$T~N~64.046875~69~0~#000080~Arial~~~~~comment~B220A-13-F~1~start~gge1021~0~pinpart#@$T~P~64.046875~60.0078125~0~#000080~Arial~~~~~comment~D1~1~start~gge1023~0~pinpart#@$P~show~0~1~50~80~180~gge1025~0^^50~80^^M 50 80 h 15~#880000^^0~68~83~0~A~start~~~#0000FF^^0~59~79~0~1~end~~~#0000FF^^0~62~80^^0~M 65 83 L 68 80 L 65 77#@$P~show~0~2~90~80~0~gge1032~0^^90~80^^M 90 80 h -15~#880000^^0~72~83~0~K~end~~~#0000FF^^0~81~79~0~2~start~~~#0000FF^^0~78~80^^0~M 75 77 L 72 80 L 75 83#@$PL~78 86 78 87 76 87 76 72 74 72 74 73~#880000~1~0~none~gge1039~0#@$PT~M 65 86 L 75 80 L 65 73 Z ~#880000~1~0~#880000~gge1040~0~","F~part_netLabel_VCC~395~120~0~gge1351~~0^^395~120^^VCC 3V3~#000000~370.8359375~104.125~0~start~1~Times New Roman~9pt~flag_gge79^^PL~395 110 395 120~#000000~1~0~transparent~gge1355~0^^PL~390 110 400 110~#000000~1~0~transparent~gge1356~0","F~part_netLabel_VCC~180~80~0~gge1369~~0^^180~80^^VCC 5V~#000000~158.84375~64.125~0~start~1~Times New Roman~9pt~flag_gge80^^PL~180 70 180 80~#000000~1~0~transparent~gge1373~0^^PL~175 70 185 70~#000000~1~0~transparent~gge1374~0","N~405~120~0~#0000ff~VCC 3V3~gge1384~start~407~117.5~Times New Roman~7pt~0","W~100 180 65 180 65 155 65 90 50 90~#008800~1~0~none~gge1432~0","LIB~100~100~package`R1206`BOM_Supplier`LCSC`BOM_Supplier Part`C247402`BOM_Manufacturer`Uniroyal Elec`BOM_Manufacturer Part`1206W4F1073T5E`nameAlias`Resistance (Ohms)`Contributor`LCSC`BOM_LCSC Assembly`Yes`SMT Type`Extend`spicePre`R`spiceSymbolName`1206W4F1073T5E`~90~0~gge1436~0610c91ea88544ecbdf889657d55abcb~be754ad5fe2e41c0bcbd6885fc86b21a~0~f9c2b96155846265~yes~yes#@$T~N~106~112.265625~0~#000080~Arial~~~~~comment~107K~1~start~gge1437~0~pinpart#@$T~P~106.0078125~103.0546875~0~#000080~Arial~~~~~comment~R1~1~start~gge1439~0~pinpart#@$R~96~90~~~8~20~#A00000~1~0~none~gge1441~0~#@$P~show~0~2~100~80~90~gge1442~0^^100~80^^M 100 90 v -10~#800^^0~100~94~270~2~end~~~#800^^0~96~86~270~2~start~~~#800^^0~100~67^^0~M 97 70 L 100 73 L 103 70#@$P~show~0~1~100~120~270~gge1449~0^^100~120^^M 100 110 v 10~#800^^0~100~106~270~1~start~~~#800^^0~96~114~270~1~end~~~#800^^0~100~133^^0~M 103 130 L 100 127 L 97 130","LIB~100~150~package`R1206`BOM_Supplier`LCSC`BOM_Supplier Part`C247389`BOM_Manufacturer`Uniroyal Elec`BOM_Manufacturer Part`1206W4F1272T5E`nameAlias`Resistance (Ohms)`Contributor`LCSC`BOM_LCSC Assembly`Yes`SMT Type`Extend`spicePre`R`spiceSymbolName`1206W4F1272T5E`~90~0~gge1479~0610c91ea88544ecbdf889657d55abcb~607460b8a7484a35ae7f1e011e054e96~0~a8228bc0c4935cd8~yes~yes#@$T~N~106~162.265625~0~#000080~Arial~~~~~comment~12.7K~1~start~gge1480~0~pinpart#@$T~P~106.0078125~153.0546875~0~#000080~Arial~~~~~comment~R2~1~start~gge1482~0~pinpart#@$R~96~140~~~8~20~#A00000~1~0~none~gge1484~0~#@$P~show~0~2~100~130~90~gge1485~0^^100~130^^M 100 140 v -10~#800^^0~100~144~270~2~end~~~#800^^0~96~136~270~2~start~~~#800^^0~100~117^^0~M 97 120 L 100 123 L 103 120#@$P~show~0~1~100~170~270~gge1492~0^^100~170^^M 100 160 v 10~#800^^0~100~156~270~1~start~~~#800^^0~96~164~270~1~end~~~#800^^0~100~183^^0~M 103 180 L 100 177 L 97 180","W~100 120 100 130~#008800~1~0~none~gge1521~0","F~part_netLabel_gnD~100~185~0~gge1524~~0^^100~185^^GND~#000000~87~211~0~start~1~Times New Roman~9pt~flag_gge81^^PL~100 195 100 185~#000000~1~0~transparent~gge1528~0^^PL~91 195 109 195~#000000~1~0~transparent~gge1529~0^^PL~94 197 106 197~#000000~1~0~transparent~gge1530~0^^PL~97 199 103 199~#000000~1~0~transparent~gge1531~0^^PL~99 201 101 201~#000000~1~0~transparent~gge1532~0","W~100 185 100 170~#008800~1~0~none~gge1533~0","W~155 125 100 125~#008800~1~0~none~gge1538~0","N~135~125~0~#0000ff~ADC~gge1540~start~137~122.5~Times New Roman~7pt~0","LIB~35~85~package`HDR-TH_2P-P2.54-V-M`BOM_Supplier`LCSC`BOM_Manufacturer`BOOMELE`BOM_Manufacturer Part`2.54-1*2PFemale`image`\/\/image.lceda.cn\/szlcsc\/C49661.jpg`BOM_Supplier Part`C49661`spicePre`P`spiceSymbolName`Header-Female-2.54_1x2`~180~0~gge1592~e6b180e1316a4d0690f78b72797504c2~0b6ea66f1a77ef3069b26dadb3d73791~0~83381c9a6c6e60ac~yes~yes#@$T~N~21.8359375~48.25~0~#000080~Arial~~~~~comment~Header-Female-2.54_1x2~1~start~gge1593~0~pinpart#@$T~P~20.578125~63.4375~0~#000080~Arial~~~~~comment~V_BAT~1~start~gge1595~0~pinpart#@$R~20~70~2~2~20~30~#880000~1~0~none~gge1597~0~#@$P~show~1~1~50~90~0~gge1598~0^^50~90^^M 50 90 h -10~#000000^^1~35~93~0~1~end~~~#000000^^0~40~89~0~1~start~~~#000000^^0~43~90^^0~M 40 87 L 37 90 L 40 93#@$P~show~1~2~50~80~0~gge1605~0^^50~80^^M 50 80 h -10~#000000^^1~35~83~0~2~end~~~#000000^^0~40~79~0~2~start~~~#000000^^0~43~80^^0~M 40 77 L 37 80 L 40 83","LIB~300~130~package`SOT-23-3_L2.9-W1.3-P1.90-LS2.4-BR`BOM_Supplier`LCSC`BOM_Manufacturer`MICRONE`BOM_Manufacturer Part`ME6211A33M3G-N`Contributor`LCSC`BOM_Supplier Part`C168807`BOM_LCSC Assembly`Yes`SMT Type`Extend`spicePre`U`spiceSymbolName`ME6211A33M3G-N`~~0~gge2138~4f7d32c395fb4911bd2391884cef30c8~7a072ad1b16749c3bba51177e9c61c87~0~be6b627880705fad~yes~yes#@$T~N~259.6328125~103.25~0~#000080~Arial~~~~~comment~ME6211A33M3G-N~1~start~gge2140~0~pinpart#@$T~P~294.046875~163.25~0~#000080~Arial~~~~~comment~U1~1~start~gge2142~0~pinpart#@$E~265~113~1.5~1.5~#880000~1~0~#880000~gge2144~0#@$R~260~108~2~2~80~44~#880000~1~0~none~gge2145~0~#@$E~265~113~1.5~1.5~#880000~1~0~#880000~gge2146~0#@$P~show~0~3~250~120~180~gge2147~0^^250~120^^M 250 120 h 10~#880000^^1~263.7~124~0~VIN~start~~~#0000FF^^1~259.5~119~0~3~end~~~#0000FF^^0~257~120^^0~M 260 123 L 263 120 L 260 117#@$P~show~0~1~250~140~180~gge2154~0^^250~140^^M 250 140 h 10~#000000^^1~263.7~144~0~VSS~start~~~#000000^^1~259.5~139~0~1~end~~~#000000^^0~257~140^^0~M 260 143 L 263 140 L 260 137#@$P~show~0~2~350~120~0~gge2161~0^^350~120^^M 350 120 h -10~#880000^^1~336.3~124~0~VOUT~end~~~#0000FF^^1~340.5~119~0~2~start~~~#0000FF^^0~343~120^^0~M 340 117 L 337 120 L 340 123","LIB~180~140~package`C0805`BOM_Supplier`LCSC`BOM_Manufacturer Part`CL21B105KBFNNNE`BOM_Manufacturer`SAMSUNG`nameAlias`Capacitance`BOM_LCSC Assembly`Yes`BOM_Supplier Part`C28323`SMT Type`Basic`spicePre`C`spiceSymbolName`CL21B105KBFNNNE`~90~0~gge2171~bbc61cb2bd3840b290cf4f8db68b3c00~e11771cc556d68362545db4859eeb82e~0~b93ebdbe9b4f2b17~yes~yes#@$T~N~190~152.25~0~#000080~Arial~~~~~comment~1uF~1~start~gge2172~0~pinpart#@$T~P~190.0078125~143.25~0~#000080~Arial~~~~~comment~C1~1~start~gge2174~0~pinpart#@$PL~172 142 188 142~#880000~1~0~none~gge2176~0#@$PL~172 138 188 138~#880000~1~0~none~gge2177~0#@$P~show~1~1~180~155~270~gge2178~0^^180~155^^M 180 155 v -10~#000000^^0~183~140~270~1~start~~~#000000^^0~179~150~270~1~end~~~#000000^^0~180~148^^0~M 183 145 L 180 142 L 177 145#@$P~show~1~2~180~125~90~gge2185~0^^180~125^^M 180 125 v 10~#000000^^0~183~140~270~2~end~~~#000000^^0~179~130~270~2~start~~~#000000^^0~180~132^^0~M 177 135 L 180 138 L 183 135#@$PL~180 145 180 142~#880000~1~0~none~gge2192~0#@$PL~180 138 180 135~#880000~1~0~none~gge2193~0","LIB~395~150~package`C0805`BOM_Supplier`LCSC`BOM_Manufacturer Part`CL21B105KBFNNNE`BOM_Manufacturer`SAMSUNG`nameAlias`Capacitance`BOM_LCSC Assembly`Yes`BOM_Supplier Part`C28323`SMT Type`Basic`spicePre`C`spiceSymbolName`CL21B105KBFNNNE`~90~0~gge2196~bbc61cb2bd3840b290cf4f8db68b3c00~e11771cc556d68362545db4859eeb82e~0~2d3e06c9c188aaa3~yes~yes#@$T~N~405~162.25~0~#000080~Arial~~~~~comment~1uF~1~start~gge2197~0~pinpart#@$T~P~405.0078125~153.25~0~#000080~Arial~~~~~comment~C2~1~start~gge2199~0~pinpart#@$PL~387 152 403 152~#880000~1~0~none~gge2201~0#@$PL~387 148 403 148~#880000~1~0~none~gge2202~0#@$P~show~1~1~395~165~270~gge2203~0^^395~165^^M 395 165 v -10~#000000^^0~398~150~270~1~start~~~#000000^^0~394~160~270~1~end~~~#000000^^0~395~158^^0~M 398 155 L 395 152 L 392 155#@$P~show~1~2~395~135~90~gge2210~0^^395~135^^M 395 135 v 10~#000000^^0~398~150~270~2~end~~~#000000^^0~394~140~270~2~start~~~#000000^^0~395~142^^0~M 392 145 L 395 148 L 398 145#@$PL~395 155 395 152~#880000~1~0~none~gge2217~0#@$PL~395 148 395 145~#880000~1~0~none~gge2218~0","W~180 125 180 80 90 80~#008800~1~0~none~gge2251~0","W~180 155 180 180 100 180~#008800~1~0~none~gge2262~0","W~250 140 250 180 180 180~#008800~1~0~none~gge2263~0","W~250 120 250 80 180 80~#008800~1~0~none~gge2265~0","W~395 165 395 180 250 180~#008800~1~0~none~gge2266~0","W~395 135 395 120~#008800~1~0~none~gge2268~0","T~L~215~40~0~#0000FF~~16pt~~~~comment~POWER~1~start~gge2271~0~pinpart","W~440 120 350 120~#008800~1~0~none~gge2276~0","LIB~650~235~package`C1206`BOM_Supplier`LCSC`BOM_Manufacturer Part`CL31B104KBCNNNC`BOM_Manufacturer`SAMSUNG`nameAlias`Capacitance`BOM_LCSC Assembly`Yes`BOM_Supplier Part`C24497`SMT Type`Basic`spicePre`C`spiceSymbolName`CL31B104KBCNNNC`~90~0~gge2315~b4235c9f870d443994cfe44a496e36ac~d21e3caf4d6f43942da08115ecf3f03d~0~ee568e4a4bd6771f~yes~yes#@$T~N~660~247.21875~0~#000080~Arial~~~~~comment~100nF~1~start~gge2317~0~pinpart#@$T~P~660.0078125~238.2109375~0~#000080~Arial~~~~~comment~C4~1~start~gge2319~0~pinpart#@$PL~642 237 658 237~#880000~1~0~none~gge2321~0#@$PL~642 233 658 233~#880000~1~0~none~gge2322~0#@$P~show~1~1~650~250~270~gge2323~0^^650~250^^M 650 250 v -10~#000000^^0~653~235~270~1~start~~~#000000^^0~649~245~270~1~end~~~#000000^^0~650~243^^0~M 653 240 L 650 237 L 647 240#@$P~show~1~2~650~220~90~gge2330~0^^650~220^^M 650 220 v 10~#000000^^0~653~235~270~2~end~~~#000000^^0~649~225~270~2~start~~~#000000^^0~650~227^^0~M 647 230 L 650 233 L 653 230#@$PL~650 240 650 237~#880000~1~0~none~gge2337~0#@$PL~650 233 650 230~#880000~1~0~none~gge2338~0","W~670 175 650 175~#008800~1~0~none~gge2339~0","N~730~175~0~#0000ff~SW~gge2340~start~732~172.5~Times New Roman~7pt~0","W~710 175 720 175 750 175 770 175~#008800~1~0~none~gge2344~0","LIB~690~175~package`R0805`BOM_Supplier`LCSC`BOM_Manufacturer`UniOhm`BOM_Manufacturer Part`0805W8F1002T5E`nameAlias`Resistance (Ohms)`BOM_LCSC Assembly`Yes`BOM_Supplier Part`C17414`SMT Type`Basic`spicePre`R`spiceSymbolName`0805W8F1002T5E`~~0~gge2345~769626f169ec49d9867bc27eb696b6b9~d4a844d81a8421ba55bf9bbe0176c427~0~3172cbaf47e82f2e~yes~yes#@$T~N~681.703125~188.1953125~0~#000080~Arial~~~~~comment~10K~1~start~gge2347~0~pinpart#@$T~P~669.046875~188.1953125~0~#000080~Arial~~~~~comment~R5~1~start~gge2349~0~pinpart#@$P~show~1~2~710~175~0~gge2351~0^^710~175^^M 710 175 h -10~#000000^^0~695~178~0~2~end~~~#000000^^0~705~174~0~2~start~~~#000000^^0~703~175^^0~M 700 172 L 697 175 L 700 178#@$P~show~1~1~670~175~180~gge2358~0^^670~175^^M 670 175 h 10~#000000^^0~685~178~0~1~start~~~#000000^^0~675~174~0~1~end~~~#000000^^0~677~175^^0~M 680 178 L 683 175 L 680 172#@$R~680~171~~~20~8~#880000~1~0~none~gge2365~0~","LIB~690~165~package`R0805`BOM_Supplier`LCSC`BOM_Manufacturer`UniOhm`BOM_Manufacturer Part`0805W8F1002T5E`nameAlias`Resistance (Ohms)`BOM_LCSC Assembly`Yes`BOM_Supplier Part`C17414`SMT Type`Basic`spicePre`R`spiceSymbolName`0805W8F1002T5E`~~0~gge2366~769626f169ec49d9867bc27eb696b6b9~d4a844d81a8421ba55bf9bbe0176c427~0~94ce0366f59aff9a~yes~yes#@$T~N~681.703125~158.1875~0~#000080~Arial~~~~~comment~10K~1~start~gge2368~0~pinpart#@$T~P~669.046875~158.1953125~0~#000080~Arial~~~~~comment~R4~1~start~gge2370~0~pinpart#@$P~show~1~2~710~165~0~gge2372~0^^710~165^^M 710 165 h -10~#000000^^0~695~168~0~2~end~~~#000000^^0~705~164~0~2~start~~~#000000^^0~703~165^^0~M 700 162 L 697 165 L 700 168#@$P~show~1~1~670~165~180~gge2379~0^^670~165^^M 670 165 h 10~#000000^^0~685~168~0~1~start~~~#000000^^0~675~164~0~1~end~~~#000000^^0~677~165^^0~M 680 168 L 683 165 L 680 162#@$R~680~161~~~20~8~#880000~1~0~none~gge2386~0~","LIB~690~145~package`R0805`BOM_Supplier`LCSC`BOM_Manufacturer`UniOhm`BOM_Manufacturer Part`0805W8F1002T5E`nameAlias`Resistance (Ohms)`BOM_LCSC Assembly`Yes`BOM_Supplier Part`C17414`SMT Type`Basic`spicePre`R`spiceSymbolName`0805W8F1002T5E`~~0~gge2387~769626f169ec49d9867bc27eb696b6b9~d4a844d81a8421ba55bf9bbe0176c427~0~a920d8093a524f7f~yes~yes#@$T~N~684.03125~138~0~#000080~Arial~~~~~comment~10K~1~start~gge2389~0~pinpart#@$T~P~669.046875~138.1953125~0~#000080~Arial~~~~~comment~R6~1~start~gge2391~0~pinpart#@$P~show~1~2~710~145~0~gge2393~0^^710~145^^M 710 145 h -10~#000000^^0~695~148~0~2~end~~~#000000^^0~705~144~0~2~start~~~#000000^^0~703~145^^0~M 700 142 L 697 145 L 700 148#@$P~show~1~1~670~145~180~gge2400~0^^670~145^^M 670 145 h 10~#000000^^0~685~148~0~1~start~~~#000000^^0~675~144~0~1~end~~~#000000^^0~677~145^^0~M 680 148 L 683 145 L 680 142#@$R~680~141~~~20~8~#880000~1~0~none~gge2407~0~","LIB~975~205~package`R0805`BOM_Supplier`LCSC`BOM_Manufacturer`UniOhm`BOM_Manufacturer Part`0805W8F1002T5E`nameAlias`Resistance (Ohms)`BOM_LCSC Assembly`Yes`BOM_Supplier Part`C17414`SMT Type`Basic`spicePre`R`spiceSymbolName`0805W8F1002T5E`~~0~gge2408~769626f169ec49d9867bc27eb696b6b9~d4a844d81a8421ba55bf9bbe0176c427~0~9ee3c4f576205b57~yes~yes#@$T~N~969.03125~198~0~#000080~Arial~~~~~comment~10K~1~start~gge2410~0~pinpart#@$T~P~969.0390625~189~0~#000080~Arial~~~~~comment~R3~1~start~gge2412~0~pinpart#@$P~show~1~2~995~205~0~gge2414~0^^995~205^^M 995 205 h -10~#000000^^0~980~208~0~2~end~~~#000000^^0~990~204~0~2~start~~~#000000^^0~988~205^^0~M 985 202 L 982 205 L 985 208#@$P~show~1~1~955~205~180~gge2421~0^^955~205^^M 955 205 h 10~#000000^^0~970~208~0~1~start~~~#000000^^0~960~204~0~1~end~~~#000000^^0~962~205^^0~M 965 208 L 968 205 L 965 202#@$R~965~201~~~20~8~#880000~1~0~none~gge2428~0~","LIB~840~190~package`LGA22-2.0-24X16MM`description`SMD ESP8266 based WiFi module FCC\/CE`BOM_Manufacturer Part`ESP8266-12E\/ESP-12E`spicePre`U`spiceSymbolName`ESP8266-12E\/ESP-12E`~~0~gge2429~6b2dbaa05785434ba711ff1da5d8a71d~2a40993ab7864902a3276b0e3bd3334b~0~023445c1223d9c8f~yes~yes#@$T~N~834.03125~97~0~#000080~Arial~~~~~comment~ESP8266-12E\/ESP-12E~1~start~gge2431~0~pinpart#@$T~P~834.0390625~88~0~#000080~Arial~~~~~comment~U2~1~start~gge2433~0~pinpart#@$PL~890 255 790 255~#8D2323~1~0~none~gge2435~0#@$PL~790 255 790 100~#8D2323~1~0~none~gge2436~0#@$PL~790 100 890 100~#8D2323~1~0~none~gge2437~0#@$PL~890 255 890 100~#8D2323~1~0~none~gge2438~0#@$P~show~0~4~770~175~180~gge2439~0^^770~175^^M 770 175 h 20~#8D2323^^1~793~178~0~GPIO16~start~~~#8D2323^^1~784~174~0~4~end~~~#8D2323^^0~787~175^^0~M 790 178 L 793 175 L 790 172#@$P~show~0~22~910~145~0~gge2446~0^^910~145^^M 910 145 h -20~#8D2323^^1~887~148~0~TXD~end~~~#8D2323^^1~896~144~0~22~start~~~#8D2323^^0~893~145^^0~M 890 142 L 887 145 L 890 148#@$P~show~0~1~770~145~180~gge2453~0^^770~145^^M 770 145 h 20~#8D2323^^1~793~148~0~REST~start~~~#8D2323^^1~784~144~0~1~end~~~#8D2323^^0~787~145^^0~M 790 148 L 793 145 L 790 142#@$P~show~0~2~770~155~180~gge2460~0^^770~155^^M 770 155 h 20~#8D2323^^1~793~158~0~ADC~start~~~#8D2323^^1~784~154~0~2~end~~~#8D2323^^0~787~155^^0~M 790 158 L 793 155 L 790 152#@$P~show~0~5~770~185~180~gge2467~0^^770~185^^M 770 185 h 20~#8D2323^^1~793~188~0~GPIO14~start~~~#8D2323^^1~784~184~0~5~end~~~#8D2323^^0~787~185^^0~M 790 188 L 793 185 L 790 182#@$P~show~0~15~910~215~0~gge2474~0^^910~215^^M 910 215 h -20~#8D2323^^1~887~218~0~GND~end~~~#8D2323^^1~896~214~0~15~start~~~#8D2323^^0~893~215^^0~M 890 212 L 887 215 L 890 218#@$P~show~0~19~910~175~0~gge2481~0^^910~175^^M 910 175 h -20~#8D2323^^1~887~178~0~GPIO04~end~~~#8D2323^^1~896~174~0~19~start~~~#8D2323^^0~893~175^^0~M 890 172 L 887 175 L 890 178#@$P~show~0~17~910~195~0~gge2488~0^^910~195^^M 910 195 h -20~#8D2323^^1~887~198~0~GPIO02~end~~~#8D2323^^1~896~194~0~17~start~~~#8D2323^^0~893~195^^0~M 890 192 L 887 195 L 890 198#@$P~show~0~16~910~205~0~gge2495~0^^910~205^^M 910 205 h -20~#8D2323^^1~887~208~0~GPIO15~end~~~#8D2323^^1~896~204~0~16~start~~~#8D2323^^0~893~205^^0~M 890 202 L 887 205 L 890 208#@$P~show~0~3~770~165~180~gge2502~0^^770~165^^M 770 165 h 20~#8D2323^^1~793~168~0~CH-PD~start~~~#8D2323^^1~784~164~0~3~end~~~#8D2323^^0~787~165^^0~M 790 168 L 793 165 L 790 162#@$P~show~0~18~910~185~0~gge2509~0^^910~185^^M 910 185 h -20~#8D2323^^1~887~188~0~GPIO0~end~~~#8D2323^^1~896~184~0~18~start~~~#8D2323^^0~893~185^^0~M 890 182 L 887 185 L 890 188#@$P~show~0~6~770~195~180~gge2516~0^^770~195^^M 770 195 h 20~#8D2323^^1~793~198~0~GPIO12~start~~~#8D2323^^1~784~194~0~6~end~~~#8D2323^^0~787~195^^0~M 790 198 L 793 195 L 790 192#@$P~show~0~7~770~205~180~gge2523~0^^770~205^^M 770 205 h 20~#8D2323^^1~793~208~0~GPIO13~start~~~#8D2323^^1~784~204~0~7~end~~~#8D2323^^0~787~205^^0~M 790 208 L 793 205 L 790 202#@$P~show~0~20~910~165~0~gge2530~0^^910~165^^M 910 165 h -20~#8D2323^^1~887~168~0~GPIO05~end~~~#8D2323^^1~896~164~0~20~start~~~#8D2323^^0~893~165^^0~M 890 162 L 887 165 L 890 168#@$P~show~0~21~910~155~0~gge2537~0^^910~155^^M 910 155 h -20~#8D2323^^1~887~158~0~RXD~end~~~#8D2323^^1~896~154~0~21~start~~~#8D2323^^0~893~155^^0~M 890 152 L 887 155 L 890 158#@$P~show~0~8~770~215~180~gge2544~0^^770~215^^M 770 215 h 20~#8D2323^^1~793~218~0~VCC~start~~~#8D2323^^1~784~214~0~8~end~~~#8D2323^^0~787~215^^0~M 790 218 L 793 215 L 790 212#@$P~show~0~9~820~275~270~gge2551~0^^820~275^^M 820 275 v -20~#8D2323^^1~823~252~270~CSN~start~~~#8D2323^^1~819~261~270~9~end~~~#8D2323^^0~820~258^^0~M 823 255 L 820 252 L 817 255#@$P~show~0~10~830~275~270~gge2558~0^^830~275^^M 830 275 v -20~#8D2323^^1~833~252~270~D0~start~~~#8D2323^^1~829~261~270~10~end~~~#8D2323^^0~830~258^^0~M 833 255 L 830 252 L 827 255#@$P~show~0~11~840~275~270~gge2565~0^^840~275^^M 840 275 v -20~#8D2323^^1~843~252~270~IO10~start~~~#8D2323^^1~839~261~270~11~end~~~#8D2323^^0~840~258^^0~M 843 255 L 840 252 L 837 255#@$P~show~0~12~850~275~270~gge2572~0^^850~275^^M 850 275 v -20~#8D2323^^1~853~252~270~CLK~start~~~#8D2323^^1~849~261~270~12~end~~~#8D2323^^0~850~258^^0~M 853 255 L 850 252 L 847 255#@$P~show~0~13~860~275~270~gge2579~0^^860~275^^M 860 275 v -20~#8D2323^^1~863~252~270~D1~start~~~#8D2323^^1~859~261~270~13~end~~~#8D2323^^0~860~258^^0~M 863 255 L 860 252 L 857 255#@$P~show~0~14~870~275~270~gge2586~0^^870~275^^M 870 275 v -20~#8D2323^^1~873~252~270~IO9~start~~~#8D2323^^1~869~261~270~14~end~~~#8D2323^^0~870~258^^0~M 873 255 L 870 252 L 867 255","N~915~185~0~#0000ff~GPIO0~gge2593~start~917~182.34~Times New Roman~7pt~0","W~945 185 910 185~#008800~1~0~none~gge2597~0","O~910~195~gge2598~M 906 191 L 914 199 M 914 191 L 906 199~#33cc33~0","O~770~205~gge2600~M 766 201 L 774 209 M 774 201 L 766 209~#33cc33~0","O~770~195~gge2602~M 766 191 L 774 199 M 774 191 L 766 199~#33cc33~0","O~770~185~gge2604~M 766 181 L 774 189 M 774 181 L 766 189~#33cc33~0","O~820~275~gge2606~M 816 271 L 824 279 M 824 271 L 816 279~#33cc33~0","O~830~275~gge2608~M 826 271 L 834 279 M 834 271 L 826 279~#33cc33~0","O~840~275~gge2610~M 836 271 L 844 279 M 844 271 L 836 279~#33cc33~0","O~850~275~gge2612~M 846 271 L 854 279 M 854 271 L 846 279~#33cc33~0","O~860~275~gge2614~M 856 271 L 864 279 M 864 271 L 856 279~#33cc33~0","O~870~275~gge2616~M 866 271 L 874 279 M 874 271 L 866 279~#33cc33~0","P~show~0~3~1020~175~180~gge2618~0^^1020~175^^M 1020 175 h 20~#880000^^1~1042~178~0~6~start~~~#0000FF^^1~1035~174~0~D2\/SDL~end~~~#0000FF^^0~1037~175^^0~M 1040 178 L 1043 175 L 1040 172","P~show~0~2~1020~165~180~gge2625~0^^1020~165^^M 1020 165 h 20~#880000^^1~1042~168~0~5~start~~~#0000FF^^1~1035~164~0~D1\/SDA~end~~~#0000FF^^0~1037~165^^0~M 1040 168 L 1043 165 L 1040 162","W~650 115 650 145~#008800~1~0~none~gge2632~0","F~part_netLabel_VCC~650~115~0~gge2633~~0^^650~115^^VCC 3V3~#000000~638~103~0~start~1~Times New Roman~9pt~flag_gge82^^PL~650 105 650 115~#000000~1~0~transparent~gge2637~0^^PL~645 105 655 105~#000000~1~0~transparent~gge2638~0","N~660~215~0~#0000ff~VCC 3V3~gge2639~start~662~212.5~Times New Roman~7pt~0","T~L~755~35~0~#0000FF~~12pt~~~~comment~ESP8266-12F Core~1~start~gge2643~0~pinpart","W~650 250 650 265~#008800~1~0~none~gge2645~0","F~part_netLabel_gnD~650~265~0~gge2646~~0^^650~265^^GND~#000080~639~252~0~start~0~Times New Roman~9pt~flag_gge83^^PL~650 275 650 265~#000000~1~0~transparent~gge2650~0^^PL~640 275 659 275~#000000~1~0~transparent~gge2651~0^^PL~644 277 657 277~#000000~1~0~transparent~gge2652~0^^PL~646 279 653 279~#000000~1~0~transparent~gge2653~0^^PL~649 281 651 281~#000000~1~0~transparent~gge2654~0","W~650 220 650 214~#008800~1~0~none~gge2655~0","T~L~1025~355~0~#0000FF~~9pt~~~~comment~Notice: VCC=3.3v~1~start~gge2656~0~pinpart","W~650 165 650 145 670 145~#008800~1~0~none~gge2658~0","W~995 205 1005 205 1005 215 945 215~#008800~1~0~none~gge2659~0","F~part_netLabel_gnD~945~225~0~gge2660~~0^^945~225^^GND~#000080~934~212~0~start~0~Times New Roman~9pt~flag_gge84^^PL~945 235 945 225~#000000~1~0~transparent~gge2664~0^^PL~935 235 954 235~#000000~1~0~transparent~gge2665~0^^PL~939 237 952 237~#000000~1~0~transparent~gge2666~0^^PL~941 239 948 239~#000000~1~0~transparent~gge2667~0^^PL~944 241 946 241~#000000~1~0~transparent~gge2668~0","N~915~215~0~#000080~GND~gge2669~start~917~212.5~Times New Roman~7pt~0","N~920~205~0~#000080~GPIO15~gge2673~start~922~202.5~Times New Roman~7pt~0","N~915~175~0~#000080~D2\/SDL~gge2677~start~917~172.5~Times New Roman~7pt~0","N~915~165~0~#000080~D1\/SDA~gge2681~start~917~162.5~Times New Roman~7pt~0","N~915~155~0~#000080~RXD0~gge2685~start~917~152.5~Times New Roman~7pt~0","N~915~145~0~#000080~TXD0~gge2689~start~917~142.5~Times New Roman~7pt~0","N~730~165~0~#000080~EN~gge2693~start~732~162.5~Times New Roman~7pt~0","N~730~155~0~#000080~ADC~gge2697~start~732~152.5~Times New Roman~7pt~0","N~730~145~0~#000080~nRST~gge2701~start~732~142.5~Times New Roman~7pt~0","W~945 225 945 215 905 215~#008800~1~0~none~gge2705~0","W~955 205 905 205~#008800~1~0~none~gge2706~0","W~1020 175 945 175 905 175~#008800~1~0~none~gge2707~0","W~1020 165 945 165 905 165~#008800~1~0~none~gge2708~0","W~945 155 905 155~#008800~1~0~none~gge2709~0","W~945 145 905 145~#008800~1~0~none~gge2710~0","W~670 165 650 165 650 220 770 220 770 215~#008800~1~0~none~gge2711~0","W~710 165 770 165~#008800~1~0~none~gge2712~0","W~770 155 730 155~#008800~1~0~none~gge2713~0","W~710 145 770 145~#008800~1~0~none~gge2714~0","LIB~190~375~package`FH12-6S-0.5SH`spicePre`X`spiceSymbolName`FH12-6S-0.5SH(55)`BOM_Manufacturer Part``~~0~gge2719~9a49f45a74254cc7926bd119c83e425b~480f4688a65a4f07b9dba2725428514f~0~d8af18d4a6d8b4f1~yes~yes#@$T~N~189.796875~371.5~0~#000080~Arial~~~~~comment~FH12-6S-0.5SH(55)~1~start~gge2721~0~pinpart#@$T~P~189.796875~362.5~0~#000080~Arial~~~~~comment~P1~1~start~gge2723~0~pinpart#@$R~190~375~2~2~23~72~#880000~1~0~none~gge2725~0~#@$E~193~378~1.5~1.5~#880000~1~0~#880000~gge2726~0#@$P~show~0~1~180~435~180~gge2727~0^^180~435^^M 180 435 h 10~#880000^^1~193.7~439~0~1~start~~~#0000FF^^1~189.5~434~0~1~end~~~#0000FF^^0~187~435^^0~M 190 438 L 193 435 L 190 432#@$P~show~0~2~180~425~180~gge2734~0^^180~425^^M 180 425 h 10~#880000^^1~193.7~429~0~2~start~~~#0000FF^^1~189.5~424~0~2~end~~~#0000FF^^0~187~425^^0~M 190 428 L 193 425 L 190 422#@$P~show~0~3~180~415~180~gge2741~0^^180~415^^M 180 415 h 10~#880000^^1~193.7~419~0~3~start~~~#0000FF^^1~189.5~414~0~3~end~~~#0000FF^^0~187~415^^0~M 190 418 L 193 415 L 190 412#@$P~show~0~4~180~405~180~gge2748~0^^180~405^^M 180 405 h 10~#880000^^1~193.7~409~0~4~start~~~#0000FF^^1~189.5~404~0~4~end~~~#0000FF^^0~187~405^^0~M 190 408 L 193 405 L 190 402#@$P~show~0~5~180~395~180~gge2755~0^^180~395^^M 180 395 h 10~#880000^^1~193.7~399~0~5~start~~~#0000FF^^1~189.5~394~0~5~end~~~#0000FF^^0~187~395^^0~M 190 398 L 193 395 L 190 392#@$P~show~0~6~180~385~180~gge2762~0^^180~385^^M 180 385 h 10~#880000^^1~193.7~389~0~6~start~~~#0000FF^^1~189.5~384~0~6~end~~~#0000FF^^0~187~385^^0~M 190 388 L 193 385 L 190 382","W~180 385 175 385 175 365 220 365 220 460 205 460 175 460 175 435 180 435~#008800~1~0~none~gge2769~0","W~105 425 180 425~#008800~1~0~none~gge2770~0","W~105 415 180 415~#008800~1~0~none~gge2771~0","W~105 405 180 405~#008800~1~0~none~gge2772~0","W~105 395 180 395~#008800~1~0~none~gge2773~0","F~part_netLabel_gnD~220~460~0~gge2774~~0^^220~460^^GND~#000080~209~447~0~start~0~Times New Roman~9pt~flag_gge85^^PL~220 470 220 460~#000000~1~0~transparent~gge2778~0^^PL~210 470 229 470~#000000~1~0~transparent~gge2779~0^^PL~214 472 227 472~#000000~1~0~transparent~gge2780~0^^PL~216 474 223 474~#000000~1~0~transparent~gge2781~0^^PL~219 476 221 476~#000000~1~0~transparent~gge2782~0","N~105~425~0~#0000ff~SW~gge2783~start~107~422.5~Times New Roman~7pt~0","N~105~415~0~#0000ff~D1\/SDA~gge2787~start~107~412.5~Times New Roman~7pt~0","N~105~405~0~#0000ff~D2\/SDL~gge2791~start~107~402.5~Times New Roman~7pt~0","N~105~395~0~#0000ff~VCC 3V3~gge2795~start~107~392.5~Times New Roman~7pt~0","T~L~165~320~0~#0000FF~~12pt~~~~comment~SENSOR Connector~1~start~gge2799~0~pinpart","O~810~575~gge2814~M 806 571 L 814 579 M 814 571 L 806 579~#33cc33~0","O~820~575~gge2816~M 816 571 L 824 579 M 824 571 L 816 579~#33cc33~0","O~830~575~gge2818~M 826 571 L 834 579 M 834 571 L 826 579~#33cc33~0","LIB~865~650~package`HDR-TH_2P-P2.54-V-M`BOM_Supplier`LCSC`BOM_Manufacturer`BOOMELE`BOM_Manufacturer Part`2.54-1*2PFemale`image`\/\/image.lceda.cn\/szlcsc\/C49661.jpg`BOM_Supplier Part`C49661`spicePre`P`spiceSymbolName`Header-Female-2.54_1x2`~270~0~gge2820~e6b180e1316a4d0690f78b72797504c2~0b6ea66f1a77ef3069b26dadb3d73791~0~c9606bbdc2364050~yes~yes#@$T~N~882~661.25~0~#000080~Arial~~~~~comment~Header-Female-2.54_1x2~1~start~gge2822~0~pinpart#@$T~P~882~652.25~0~#000080~Arial~~~~~comment~V-MOT1~1~start~gge2824~0~pinpart#@$R~850~645~2~2~30~20~#880000~1~0~none~gge2826~0~#@$P~show~1~1~870~635~90~gge2827~0^^870~635^^M 870 635 v 10~#000000^^1~873~650~270~1~end~~~#000000^^0~869~645~270~1~start~~~#000000^^0~870~642^^0~M 867 645 L 870 648 L 873 645#@$P~show~1~2~860~635~90~gge2834~0^^860~635^^M 860 635 v 10~#000000^^1~863~650~270~2~end~~~#000000^^0~859~645~270~2~start~~~#000000^^0~860~642^^0~M 857 645 L 860 648 L 863 645","LIB~760~455~package`WEMOS_D1_MINI_MOTOR_SHIELD_I2C_TB6612FNG`BOM_Manufacturer``BOM_Manufacturer Part`WeMos D1 Mini Pro`BOM_Supplier Part`undefined`BOM_Supplier``link``Contributor`bboyadzhiev`spicePre`U`spiceSymbolName`WEMOS_D1_mini_Motor_Shield_I2C_TB6612FNG`~~0~gge2841~1884ecfbd41a4640bf169d917aaf0199~4a9aaf8e29f440e9b747a82ec827ac97~0~a4ec9e196915df13~yes~yes#@$T~N~913.421875~503.1875~0~#000080~Arial~~~~~comment~WEMOS_D1_mini_Motor_Shield_I2C_TB6612FNG~1~start~gge2843~0~pinpart#@$T~P~914~493.1640625~0~#000080~Arial~~~~~comment~U4~1~start~gge2845~0~pinpart#@$P~show~0~1~890~455~~gge2847~0^^890~455^^M 890 455 h 0~#880000^^1~888~458~0~TX~end~~~#0000FF^^0~885~454~0~TX~start~~~#0000FF^^0~893~455^^0~M 890 452 L 887 455 L 890 458#@$P~show~0~2~890~465~~gge2854~0^^890~465^^M 890 465 h 0~#880000^^1~888~468~0~RX~end~~~#0000FF^^0~885~464~0~RX~start~~~#0000FF^^0~893~465^^0~M 890 462 L 887 465 L 890 468#@$P~show~0~3~910~475~~gge2861~0^^910~475^^M 910 475 h -20~#880000^^1~888~478~0~D1~end~~~#0000FF^^0~895~474~0~D1~start~~~#0000FF^^0~893~475^^0~M 890 472 L 887 475 L 890 478#@$P~show~0~4~910~485~~gge2868~0^^910~485^^M 910 485 h -20~#880000^^1~888~488~0~D2~end~~~#0000FF^^0~895~484~0~D2~start~~~#0000FF^^0~893~485^^0~M 890 482 L 887 485 L 890 488#@$P~show~0~5~890~495~~gge2875~0^^890~495^^M 890 495 h 0~#880000^^1~888~498~0~D3~end~~~#0000FF^^0~885~494~0~D3~start~~~#0000FF^^0~893~495^^0~M 890 492 L 887 495 L 890 498#@$P~show~0~6~890~505~~gge2882~0^^890~505^^M 890 505 h 0~#880000^^1~888~508~0~D4~end~~~#0000FF^^0~885~504~0~D4~start~~~#0000FF^^0~893~505^^0~M 890 502 L 887 505 L 890 508#@$P~show~0~7~910~515~~gge2889~0^^910~515^^M 910 515 h -20~#880000^^1~888~518~0~GND~end~~~#0000FF^^0~895~514~0~GND~start~~~#0000FF^^0~893~515^^0~M 890 512 L 887 515 L 890 518#@$P~show~0~8~890~525~~gge2896~0^^890~525^^M 890 525 h 0~#880000^^1~888~528~0~5V~end~~~#0000FF^^0~885~524~0~5V~start~~~#0000FF^^0~893~525^^0~M 890 522 L 887 525 L 890 528#@$P~show~0~9~760~525~180~gge2903~0^^760~525^^M 760 525 h 20~#880000^^1~782~528~0~3V3~start~~~#0000FF^^0~775~524~0~3V3~end~~~#0000FF^^0~777~525^^0~M 780 528 L 783 525 L 780 522#@$P~show~0~10~780~515~180~gge2910~0^^780~515^^M 780 515 h 0~#880000^^1~782~518~0~D8~start~~~#0000FF^^0~785~514~0~D8~end~~~#0000FF^^0~777~515^^0~M 780 518 L 783 515 L 780 512#@$P~show~0~11~780~505~180~gge2917~0^^780~505^^M 780 505 h 0~#880000^^1~782~508~0~D7~start~~~#0000FF^^0~785~504~0~D7~end~~~#0000FF^^0~777~505^^0~M 780 508 L 783 505 L 780 502#@$P~show~0~12~780~495~180~gge2924~0^^780~495^^M 780 495 h 0~#880000^^1~782~498~0~D6~start~~~#0000FF^^0~785~494~0~D6~end~~~#0000FF^^0~777~495^^0~M 780 498 L 783 495 L 780 492#@$P~show~0~13~780~485~180~gge2931~0^^780~485^^M 780 485 h 0~#880000^^1~782~488~0~D5~start~~~#0000FF^^0~785~484~0~D5~end~~~#0000FF^^0~777~485^^0~M 780 488 L 783 485 L 780 482#@$P~show~0~14~780~475~180~gge2938~0^^780~475^^M 780 475 h 0~#880000^^1~782~478~0~D0~start~~~#0000FF^^0~785~474~0~D0~end~~~#0000FF^^0~777~475^^0~M 780 478 L 783 475 L 780 472#@$P~show~0~15~780~465~180~gge2945~0^^780~465^^M 780 465 h 0~#880000^^1~782~468~0~A0~start~~~#0000FF^^0~785~464~0~A0~end~~~#0000FF^^0~777~465^^0~M 780 468 L 783 465 L 780 462#@$P~show~0~16~760~455~180~gge2952~0^^760~455^^M 760 455 h 14~#880000^^1~782~458~0~RST~start~~~#0000FF^^0~775~454~0~RST~end~~~#0000FF^^1~777~455^^0~M 780 458 L 783 455 L 780 452#@$PL~890 425 890 555~#000000~1~0~none~gge2959~0#@$PL~780 425 780 535~#000000~1~0~none~gge2960~0#@$PL~780 425 890 425~#000000~1~0~none~gge2961~0#@$PL~780 535 790 545 790 555~#000000~1~0~none~gge2962~0#@$PL~790 555 890 555~#000000~1~0~none~gge2963~0#@$T~L~800~472.408125~0~#0000FF~~5.5pt~~~~comment~Wemos D1 mini\\nMotor Shield \\nV1.0.0\\nI2C TB6612FNG~1~start~gge2964~0~pinpart#@$R~820~505~~~40~30~#CCCCCC~1~0~none~gge2970~0~#@$P~show~0~8~800~575~270~gge2971~0^^800~575^^M 800 575 v -20~#880000^^1~803~553~270~VM~start~~~#0000FF^^0~799~560~270~VM~end~~~#0000FF^^0~800~558^^0~M 803 555 L 800 552 L 797 555#@$P~show~0~8~810~575~270~gge2978~0^^810~575^^M 810 575 v -20~#880000^^1~813~553~270~VM~start~~~#0000FF^^0~809~560~270~VM~end~~~#0000FF^^0~810~558^^0~M 813 555 L 810 552 L 807 555#@$P~show~0~8~820~575~270~gge2985~0^^820~575^^M 820 575 v -20~#880000^^1~823~553~270~GND~start~~~#0000FF^^0~819~560~270~GND~end~~~#0000FF^^0~820~558^^0~M 823 555 L 820 552 L 817 555#@$P~show~0~8~830~575~270~gge2992~0^^830~575^^M 830 575 v -20~#880000^^1~833~553~270~GND~start~~~#0000FF^^0~829~560~270~GND~end~~~#0000FF^^0~830~558^^0~M 833 555 L 830 552 L 827 555#@$P~show~0~8~840~575~270~gge2999~0^^840~575^^M 840 575 v -20~#880000^^1~843~553~270~A1~start~~~#0000FF^^0~839~560~270~A1~end~~~#0000FF^^0~840~558^^0~M 843 555 L 840 552 L 837 555#@$P~show~0~8~850~575~270~gge3006~0^^850~575^^M 850 575 v -20~#880000^^1~853~553~270~A2~start~~~#0000FF^^0~849~560~270~A2~end~~~#0000FF^^0~850~558^^0~M 853 555 L 850 552 L 847 555#@$P~show~0~8~860~575~270~gge3013~0^^860~575^^M 860 575 v -20~#880000^^1~863~553~270~B2~start~~~#0000FF^^0~859~560~270~B2~end~~~#0000FF^^0~860~558^^0~M 863 555 L 860 552 L 857 555#@$P~show~0~8~870~575~270~gge3020~0^^870~575^^M 870 575 v -20~#880000^^1~873~553~270~B1~start~~~#0000FF^^0~869~560~270~B1~end~~~#0000FF^^0~870~558^^0~M 873 555 L 870 552 L 867 555#@$P~show~0~8~880~575~270~gge3027~0^^880~575^^M 880 575 v -20~#880000^^1~883~553~270~S~start~~~#0000FF^^0~879~560~270~S~end~~~#0000FF^^0~880~558^^0~M 883 555 L 880 552 L 877 555#@$P~show~0~8~810~405~90~gge3034~0^^810~405^^M 810 405 v 20~#880000^^1~813~427~270~GND~end~~~#0000FF^^0~809~420~270~GND~start~~~#0000FF^^0~810~422^^0~M 807 425 L 810 428 L 813 425#@$P~show~0~8~820~405~90~gge3041~0^^820~405^^M 820 405 v 20~#880000^^1~823~427~270~RST~end~~~#0000FF^^0~819~420~270~RST~start~~~#0000FF^^0~820~422^^0~M 817 425 L 820 428 L 823 425#@$P~show~0~8~830~405~90~gge3048~0^^830~405^^M 830 405 v 20~#880000^^1~833~427~270~3V~end~~~#0000FF^^0~829~420~270~3V~start~~~#0000FF^^0~830~422^^0~M 827 425 L 830 428 L 833 425#@$P~show~0~8~840~405~90~gge3055~0^^840~405^^M 840 405 v 20~#880000^^1~843~427~270~R~end~~~#0000FF^^0~839~420~270~R~start~~~#0000FF^^0~840~422^^0~M 837 425 L 840 428 L 843 425#@$P~show~0~8~850~405~90~gge3062~0^^850~405^^M 850 405 v 20~#880000^^1~853~427~270~T~end~~~#0000FF^^0~849~420~270~T~start~~~#0000FF^^0~850~422^^0~M 847 425 L 850 428 L 853 425#@$P~show~0~8~860~405~90~gge3069~0^^860~405^^M 860 405 v 20~#880000^^1~863~427~270~DTR~end~~~#0000FF^^0~859~420~270~DTR~start~~~#0000FF^^0~860~422^^0~M 857 425 L 860 428 L 863 425#@$R~815~450~~~30~25~#CCCCCC~1~0~none~gge3076~0~","W~870 575 870 635~#008800~1~0~none~gge3077~0","W~860 575 860 635~#008800~1~0~none~gge3078~0","O~780~515~gge3079~M 776 511 L 784 519 M 784 511 L 776 519~#33cc33~0","O~780~505~gge3081~M 776 501 L 784 509 M 784 501 L 776 509~#33cc33~0","O~780~495~gge3083~M 776 491 L 784 499 M 784 491 L 776 499~#33cc33~0","O~780~485~gge3085~M 776 481 L 784 489 M 784 481 L 776 489~#33cc33~0","O~780~475~gge3087~M 776 471 L 784 479 M 784 471 L 776 479~#33cc33~0","O~780~465~gge3089~M 776 461 L 784 469 M 784 461 L 776 469~#33cc33~0","O~890~455~gge3091~M 886 451 L 894 459 M 894 451 L 886 459~#33cc33~0","O~890~465~gge3093~M 886 461 L 894 469 M 894 461 L 886 469~#33cc33~0","O~890~495~gge3095~M 886 491 L 894 499 M 894 491 L 886 499~#33cc33~0","O~890~505~gge3097~M 886 501 L 894 509 M 894 501 L 886 509~#33cc33~0","O~890~525~gge3099~M 886 521 L 894 529 M 894 521 L 886 529~#33cc33~0","O~850~575~gge3101~M 846 571 L 854 579 M 854 571 L 846 579~#33cc33~0","O~840~575~gge3103~M 836 571 L 844 579 M 844 571 L 836 579~#33cc33~0","O~880~575~gge3105~M 876 571 L 884 579 M 884 571 L 876 579~#33cc33~0","O~860~405~gge3107~M 856 401 L 864 409 M 864 401 L 856 409~#33cc33~0","O~850~405~gge3109~M 846 401 L 854 409 M 854 401 L 846 409~#33cc33~0","O~840~405~gge3111~M 836 401 L 844 409 M 844 401 L 836 409~#33cc33~0","O~830~405~gge3113~M 826 401 L 834 409 M 834 401 L 826 409~#33cc33~0","O~820~405~gge3115~M 816 401 L 824 409 M 824 401 L 816 409~#33cc33~0","O~810~405~gge3117~M 806 401 L 814 409 M 814 401 L 806 409~#33cc33~0","W~695 510 695 525~#008800~1~0~none~gge3119~0","F~part_netLabel_VCC~695~510~0~gge3120~~0^^695~510^^VCC 3V3~#000000~683~498~0~start~1~Times New Roman~9pt~flag_gge86^^PL~695 500 695 510~#000000~1~0~transparent~gge3124~0^^PL~690 500 700 500~#000000~1~0~transparent~gge3125~0","W~670 525 760 525~#008800~1~0~none~gge3126~0","P~show~0~4~670~525~0~gge3127~0^^670~525^^M 670 525 h -20~#880000^^1~648~528~0~7~end~~~#0000FF^^1~655~524~0~VCC 3V3~start~~~#0000FF^^0~653~525^^0~M 650 522 L 647 525 L 650 528","N~720~455~0~#0000ff~nRST~gge3134~start~722~452.52~Times New Roman~7pt~0","N~920~485~0~#0000ff~D2\/SDL~gge3138~start~922~482.5~Times New Roman~7pt~0","N~920~475~0~#0000ff~D1\/SDA~gge3142~start~922~472.5~Times New Roman~7pt~0","W~715 455 760 455~#008800~1~0~none~gge3146~0","W~965 485 900 485~#008800~1~0~none~gge3147~0","W~965 475 900 475~#008800~1~0~none~gge3148~0","W~900 515 1000 515 1000 540~#008800~1~0~none~gge3149~0","F~part_netLabel_gnD~1000~540~0~gge3150~~0^^1000~540^^GND~#000000~987~566~0~start~1~Times New Roman~9pt~flag_gge87^^PL~1000 550 1000 540~#000000~1~0~transparent~gge3154~0^^PL~991 550 1009 550~#000000~1~0~transparent~gge3155~0^^PL~994 552 1006 552~#000000~1~0~transparent~gge3156~0^^PL~997 554 1003 554~#000000~1~0~transparent~gge3157~0^^PL~999 556 1001 556~#000000~1~0~transparent~gge3158~0","W~800 575 735 575 735 570~#008800~1~0~none~gge3159~0","F~part_netLabel_VCC~735~570~0~gge3160~~0^^735~570^^VCC 5V~#000000~723~558~0~start~1~Times New Roman~9pt~flag_gge88^^PL~735 560 735 570~#000000~1~0~transparent~gge3164~0^^PL~730 560 740 560~#000000~1~0~transparent~gge3165~0","R~10~10~~~495~285~#000000~1~0~none~gge3166~0~","R~505~10~~~635~355~#000000~1~0~none~gge3167~0~","R~10~295~~~495~230~#000000~1~0~none~gge3168~0~","R~505~365~~~635~345~#000000~1~0~none~gge3169~0~","T~L~735~385~0~#0000FF~~12pt~~~~comment~MOTOR SHIELD HEADER~1~start~gge3171~0~pinpart","W~345 600 290 600~#008800~1~0~none~gge3174~0","W~345 590 290 590~#008800~1~0~none~gge3175~0","LIB~280~640~package`HDR-TH_10PIN-V-FEMALE-PITCH2.54`BOM_Supplier`LCSC`BOM_Manufacturer`BOOMELE`BOM_Manufacturer Part`2.54mm 1*10P Straight Female header Gold-plated`BOM_Supplier Part`C35445`spicePre`J`spiceSymbolName`Header-Female-2.54_1x10`~~0~gge3176~496ea5da15a944e9b63298417ae3a4ed~5ae8abab3ac7b2d6a3f7440de1a35612~0~fe6a9d7a5cce781d~yes~yes#@$T~N~280.921875~577~0~#000080~Arial~~~~~comment~Header-Female-2.54_1x10~1~end~gge3178~0~pinpart#@$T~P~280.921875~567.9375~0~#000080~Arial~~~~~comment~J1~1~end~gge3180~0~pinpart#@$R~260~580~2~2~20~110~#880000~1~0~none~gge3182~0~#@$P~show~1~1~290~590~0~gge3183~0^^290~590^^M 290 590 h -10~#880000^^1~275~593~0~1~end~~~#0000FF^^0~280~589~0~1~start~~~#0000FF^^0~283~590^^0~M 280 587 L 277 590 L 280 593#@$P~show~1~2~290~600~0~gge3190~0^^290~600^^M 290 600 h -10~#880000^^1~275~603~0~2~end~~~#0000FF^^0~280~599~0~2~start~~~#0000FF^^0~283~600^^0~M 280 597 L 277 600 L 280 603#@$P~show~1~3~290~610~0~gge3197~0^^290~610^^M 290 610 h -10~#880000^^1~275~613~0~3~end~~~#0000FF^^0~280~609~0~3~start~~~#0000FF^^0~283~610^^0~M 280 607 L 277 610 L 280 613#@$P~show~1~4~290~620~0~gge3204~0^^290~620^^M 290 620 h -10~#880000^^1~275~623~0~4~end~~~#0000FF^^0~280~619~0~4~start~~~#0000FF^^0~283~620^^0~M 280 617 L 277 620 L 280 623#@$P~show~1~5~290~630~0~gge3211~0^^290~630^^M 290 630 h -10~#880000^^1~275~633~0~5~end~~~#0000FF^^0~280~629~0~5~start~~~#0000FF^^0~283~630^^0~M 280 627 L 277 630 L 280 633#@$P~show~1~6~290~640~0~gge3218~0^^290~640^^M 290 640 h -10~#880000^^1~275~643~0~6~end~~~#0000FF^^0~280~639~0~6~start~~~#0000FF^^0~283~640^^0~M 280 637 L 277 640 L 280 643#@$P~show~1~7~290~650~0~gge3225~0^^290~650^^M 290 650 h -10~#880000^^1~275~653~0~7~end~~~#0000FF^^0~280~649~0~7~start~~~#0000FF^^0~283~650^^0~M 280 647 L 277 650 L 280 653#@$P~show~1~8~290~660~0~gge3232~0^^290~660^^M 290 660 h -10~#880000^^1~275~663~0~8~end~~~#0000FF^^0~280~659~0~8~start~~~#0000FF^^0~283~660^^0~M 280 657 L 277 660 L 280 663#@$P~show~1~9~290~670~0~gge3239~0^^290~670^^M 290 670 h -10~#880000^^1~275~673~0~9~end~~~#0000FF^^0~280~669~0~9~start~~~#0000FF^^0~283~670^^0~M 280 667 L 277 670 L 280 673#@$P~show~1~10~290~680~0~gge3246~0^^290~680^^M 290 680 h -10~#880000^^1~275~683~0~10~end~~~#0000FF^^0~280~679~0~10~start~~~#0000FF^^0~283~680^^0~M 280 677 L 277 680 L 280 683","T~L~185~550~0~#0000FF~~12pt~~~~comment~Motor Shield Header~1~start~gge3253~0~pinpart","N~315~590~0~#0000ff~VCC 3V3~gge3256~start~317~587.5~Times New Roman~7pt~0","W~100 690 160 690~#008800~1~0~none~gge3260~0","N~120~620~0~#0000ff~nRST~gge3261~start~122~617.5~Times New Roman~7pt~0","W~100 620 120 620 160 620~#008800~1~0~none~gge3265~0","O~160~640~gge3266~M 156 636 L 164 644 M 164 636 L 156 644~#33cc33~0","N~100~690~0~#0000ff~VCC 3V3~gge3268~start~102~687.5~Times New Roman~7pt~0","N~320~680~0~#0000ff~GND~gge3272~start~322~677.5~Times New Roman~7pt~0","N~315~630~0~#0000ff~RXD0~gge3276~start~317~627.5~Times New Roman~7pt~0","N~315~620~0~#0000ff~TXD0~gge3280~start~317~617.5~Times New Roman~7pt~0","N~315~650~0~#0000ff~D2\/SDL~gge3284~start~317~647.5~Times New Roman~7pt~0","N~315~640~0~#0000ff~D1\/SDA~gge3288~start~317~637.5~Times New Roman~7pt~0","O~160~630~gge3292~M 156 626 L 164 634 M 164 626 L 156 634~#33cc33~0","O~160~650~gge3294~M 156 646 L 164 654 M 164 646 L 156 654~#33cc33~0","O~160~660~gge3296~M 156 656 L 164 664 M 164 656 L 156 664~#33cc33~0","O~160~670~gge3298~M 156 666 L 164 674 M 164 666 L 156 674~#33cc33~0","O~160~680~gge3300~M 156 676 L 164 684 M 164 676 L 156 684~#33cc33~0","O~290~670~gge3302~M 286 666 L 294 674 M 294 666 L 286 674~#33cc33~0","O~290~660~gge3304~M 286 656 L 294 664 M 294 656 L 286 664~#33cc33~0","W~345 680 290 680~#008800~1~0~none~gge3306~0","W~345 650 290 650~#008800~1~0~none~gge3307~0","W~345 640 290 640~#008800~1~0~none~gge3308~0","W~345 630 290 630~#008800~1~0~none~gge3309~0","W~345 620 290 620~#008800~1~0~none~gge3310~0","T~L~180~660~0~#000000~~5~ ~ ~ ~comment~D6~1~start~gge3311~0~pinpart","LIB~170~655~package`1X08`spicePre`J`spiceSymbolName`ISPHDR`BOM_Manufacturer Part``~~0~gge3313~975735978f7b4becb9c6a02a59c3ddb1~7fcf2ee84adb475f89a37fac20412669~0~85fdad10df8045ea~yes~yes#@$T~N~155.078125~606.625~0~#000080~Arial~~~~~comment~ISPHDR~1~start~gge3315~0~pinpart#@$T~P~155.078125~597.75~0~#000080~Arial~~~~~comment~J2~1~start~gge3317~0~pinpart#@$PL~145 700 175 700~#8D2323~2~0~none~gge3319~0#@$PL~175 700 175 610~#8D2323~2~0~none~gge3320~0#@$PL~175 610 145 610~#8D2323~2~0~none~gge3321~0#@$PL~145 610 145 700~#8D2323~2~0~none~gge3322~0#@$P~show~4~8~160~620~180~gge3323~0^^160~620^^M 160 620 h 4~#8D2323^^0~173~623~0~VCC~start~~~#8D2323^^1~164~619~0~8~end~~~#8D2323^^1~167~620^^0~M 170 623 L 173 620 L 170 617#@$P~show~1~7~160~630~180~gge3330~0^^160~630^^M 160 630 h 4~#8D2323^^0~173~633~0~SDO~start~~~#8D2323^^1~164~629~0~7~end~~~#8D2323^^1~167~630^^0~M 170 633 L 173 630 L 170 627#@$P~show~2~6~160~640~180~gge3337~0^^160~640^^M 160 640 h 4~#8D2323^^0~173~643~0~SDI~start~~~#8D2323^^1~164~639~0~6~end~~~#8D2323^^1~167~640^^0~M 170 643 L 173 640 L 170 637#@$P~show~2~5~160~650~180~gge3344~0^^160~650^^M 160 650 h 4~#8D2323^^0~173~653~0~ISPEN~start~~~#8D2323^^1~164~649~0~5~end~~~#8D2323^^1~167~650^^0~M 170 653 L 173 650 L 170 647#@$P~show~0~4~160~660~180~gge3351~0^^160~660^^M 160 660 h 4~#8D2323^^0~173~663~0~NC~start~~~#8D2323^^1~164~659~0~4~end~~~#8D2323^^1~167~660^^0~M 170 663 L 173 660 L 170 657#@$P~show~2~3~160~670~180~gge3358~0^^160~670^^M 160 670 h 4~#8D2323^^0~173~673~0~MODE~start~~~#8D2323^^1~164~669~0~3~end~~~#8D2323^^1~167~670^^0~M 170 673 L 173 670 L 170 667#@$P~show~4~2~160~680~180~gge3365~0^^160~680^^M 160 680 h 4~#8D2323^^0~173~683~0~GND~start~~~#8D2323^^1~164~679~0~2~end~~~#8D2323^^1~167~680^^0~M 170 683 L 173 680 L 170 677#@$P~show~2~1~160~690~180~gge3372~0^^160~690^^M 160 690 h 4~#8D2323^^0~173~693~0~SCLK~start~~~#8D2323^^1~164~689~0~1~end~~~#8D2323^^1~167~690^^0~M 170 693 L 173 690 L 170 687#@$T~L~180~620~0~#000000~~5~ ~ ~ ~comment~RST~1~start~gge3379~0~pinpart#@$T~L~180~630~0~#000000~~5~ ~ ~ ~comment~A0~1~start~gge3381~0~pinpart#@$T~L~180~640~0~#000000~~5~ ~ ~ ~comment~D0~1~start~gge3383~0~pinpart#@$T~L~180~650~0~#000000~~5~ ~ ~ ~comment~D5~1~start~gge3385~0~pinpart#@$T~L~180~670~0~#000000~~5~ ~ ~ ~comment~D7~1~start~gge3387~0~pinpart#@$T~L~180~680~0~#000000~~5~ ~ ~ ~comment~D8~1~start~gge3389~0~pinpart#@$T~L~180~690~0~#000000~~5~ ~ ~ ~comment~3V3~1~start~gge3391~0~pinpart","N~315~610~0~#000080~GPIO0~gge3393~start~317~607.5~Times New Roman~7pt~0","N~315~600~0~#000080~GND~gge3397~start~317~597.5~Times New Roman~7pt~0","W~345 610 325 610 290 610~#008800~1~0~none~gge3401~0","LIB~695~240~package`C0603`BOM_Supplier`LCSC`BOM_Manufacturer`SAMSUNG`BOM_Manufacturer Part`CL10A106KP8NNNC`nameAlias`Capacitance`BOM_LCSC Assembly`Yes`BOM_Supplier Part`C19702`SMT Type`Basic`spicePre`C`spiceSymbolName`CL10A106KP8NNNC`~90~0~gge3472~f187d3c25f9f43a29b67d3cfa364ee78~3d033fcb6d334c25b65a754834cf5aaf~0~237b7c94e9560250~yes~yes#@$T~N~705~252.203125~0~#000080~Arial~~~~~comment~10uF~1~start~gge3473~0~pinpart#@$T~P~705.0078125~243.125~0~#000080~Arial~~~~~comment~C3~1~start~gge3475~0~pinpart#@$PL~703 242 687 242~#A00000~1~0~none~gge3477~0#@$P~show~0~1~695~260~270~gge3478~0^^695~260^^M 695 250 v 10~#800^^0~695~246~270~1~start~~~#800^^0~691~254~270~1~end~~~#800^^0~695~273^^0~M 698 270 L 695 267 L 692 270#@$PL~695 230 695 238~#A00000~1~0~none~gge3485~0#@$PL~687 238 703 238~#A00000~1~0~none~gge3486~0#@$P~show~0~2~695~220~90~gge3487~0^^695~220^^M 695 230 v -10~#800^^0~695~234~270~2~end~~~#800^^0~691~226~270~2~start~~~#800^^0~695~207^^0~M 692 210 L 695 213 L 698 210#@$PL~695 242 695 250~#A00000~1~0~none~gge3494~0","W~695 260 650 260~#008800~1~0~none~gge3521~0","J~650~260~2.5~#CC0000~gge3522~0","J~695~220~2.5~#CC0000~gge3520~0","J~220~460~2.5~#CC0000~gge2716~0","J~395~120~2.5~#CC0000~gge2277~0","J~180~80~2.5~#CC0000~gge2261~0","J~100~80~2.5~#CC0000~gge2260~0","J~100~180~2.5~#CC0000~gge2258~0","J~100~125~2.5~#CC0000~gge1539~0","J~180~180~2.5~#CC0000~gge2264~0","J~250~180~2.5~#CC0000~gge2267~0","J~650~165~2.5~#CC0000~gge2279~0","J~910~145~2.5~#CC0000~gge2282~0","J~910~155~2.5~#CC0000~gge2285~0","J~910~165~2.5~#CC0000~gge2288~0","J~910~175~2.5~#CC0000~gge2291~0","J~910~205~2.5~#CC0000~gge2294~0","J~910~215~2.5~#CC0000~gge2297~0","J~945~215~2.5~#CC0000~gge2300~0","J~650~214~2.5~#CC0000~gge2303~0","J~650~145~2.5~#CC0000~gge2306~0","J~650~175~2.5~#CC0000~gge2309~0","J~910~515~2.5~#CC0000~gge2802~0","J~910~485~2.5~#CC0000~gge2805~0","J~910~475~2.5~#CC0000~gge2808~0","J~695~525~2.5~#CC0000~gge2811~0","J~650~220~2.5~#CC0000~gge3402~0"],"BBox":{"x":0,"y":-1,"width":1149,"height":807.5},"colors":[]}}],"docType":5,"title":"PBM_Sala_UC","name":"PBM_Sala_UC"}